Group 1	Low 1	Mean 1	High 1	Group 2	Low 2	Mean 2	High 2	p-value	sig
early	0.33474394446230216	0.37304608966835007	0.411348234874398	late	0.34836990001838825	0.376977394821079	0.40558488962376976	0.8762417107514219	
