Group 1	Low 1	Mean 1	High 1	Group 2	Low 2	Mean 2	High 2	p-value	sig
early	0.012345155859079672	0.03960699556832113	0.0668688352775626	late	0.006189027595202744	0.011110552930989268	0.01603207826677579	0.08149194928933122	
