Group 1	Low 1	Mean 1	High 1	Group 2	Low 2	Mean 2	High 2	p-value	sig
early	0.2678593676126423	0.28425333127151486	0.30064729493038744	late	0.2365734113878952	0.24920088284775463	0.2618283543076141	0.0007446038187760703	###
